Year,Runtype,Indicator,medval,lowval,highval
2023,baseline,N_incDs,7078.68372684214,6562.10129146226,8075.38130438461
2024,baseline,N_incDs,6865.4415513088,6362.78446925393,7871.8203305348
2025,baseline,N_incDs,6665.08600599517,6167.82972899927,7680.74777570166
2026,baseline,N_incDs,6477.77302752443,5985.24485241464,7499.68280096573
2027,baseline,N_incDs,6301.83415660293,5818.35990768028,7321.14515789632
2028,baseline,N_incDs,6135.6168371054,5661.53187698237,7153.90271345764
2029,baseline,N_incDs,5984.83345024627,5514.03378180731,7001.91135730282
2030,baseline,N_incDs,5843.20659987551,5374.8417717542,6855.54084463297
2031,baseline,N_incDs,5705.94987116856,5243.63304588375,6721.13815487113
2032,baseline,N_incDs,5578.43948570798,5119.86333298421,6597.02843601608
2033,baseline,N_incDs,5457.42909322183,5002.79543623549,6483.77975677964
2034,baseline,N_incDs,5343.81330291104,4891.673500426,6370.44597552651
2035,baseline,N_incDs,5234.81556574857,4785.51493062036,6262.26634010331
2036,baseline,N_incDs,5133.07520071423,4684.91964167605,6163.97320162781
2037,baseline,N_incDs,5035.79374367725,4589.63058332412,6072.91278786311
2038,baseline,N_incDs,4943.63620672252,4500.1623534212,5986.59493512433
2039,baseline,N_incDs,4856.81211759148,4416.04776883998,5904.09664686603
2040,baseline,N_incDs,4773.3392523372,4338.18820567969,5820.03137116861
2041,baseline,N_incDs,4693.37203126645,4262.84158727436,5746.63474402885
2042,baseline,N_incDs,4620.23204377275,4191.30083342242,5677.10921155371
2043,baseline,N_incDs,4547.85246180041,4124.37649122142,5610.65705488678
2044,baseline,N_incDs,4479.63313080861,4060.56185463176,5547.29089684983
2045,baseline,N_incDs,4413.0738906573,3997.30809604414,5486.84050221711
2046,baseline,N_incDs,4350.37199887049,3935.36984752027,5429.123616409
2047,baseline,N_incDs,4291.06854052423,3875.53836336773,5373.84590850421
2048,baseline,N_incDs,4235.54050657794,3818.69443915246,5320.8327682925
2049,baseline,N_incDs,4180.52026748971,3762.05575814384,5273.3023177496
2050,baseline,N_incDs,4127.690149456,3707.31874487556,5226.75448258167
2023,ProgAnyDisease_AI,N_incDs,7078.68372686223,6562.10129148101,8075.38130441133
2024,ProgAnyDisease_AI,N_incDs,6865.44155133142,6362.78446927691,7871.82033055646
2025,ProgAnyDisease_AI,N_incDs,6665.08600601797,6167.82972901816,7680.74777572025
2026,ProgAnyDisease_AI,N_incDs,6477.77302754692,5985.24485243484,7499.68280098308
2027,ProgAnyDisease_AI,N_incDs,6301.83415662711,5818.35990770097,7321.14515791561
2028,ProgAnyDisease_AI,N_incDs,6135.61683712933,5661.53187700294,7153.90271348363
2029,ProgAnyDisease_AI,N_incDs,5984.8334502683,5514.03378182964,7001.91135732668
2030,ProgAnyDisease_AI,N_incDs,5801.99638076207,5336.03903545439,6802.70857022283
2031,ProgAnyDisease_AI,N_incDs,5586.17376924698,5132.36966575964,6573.46506874756
2032,ProgAnyDisease_AI,N_incDs,5353.96147420301,4911.62379727113,6328.97652178445
2033,ProgAnyDisease_AI,N_incDs,5109.3633955929,4679.1952853933,6066.65777088621
2034,ProgAnyDisease_AI,N_incDs,4854.72347543392,4440.39994928677,5790.79268623664
2035,ProgAnyDisease_AI,N_incDs,4631.98828118218,4228.17511726672,5543.94023319976
2036,ProgAnyDisease_AI,N_incDs,4432.84112944826,4039.6554389012,5326.51048853096
2037,ProgAnyDisease_AI,N_incDs,4252.28323881473,3871.41397627927,5130.19621499821
2038,ProgAnyDisease_AI,N_incDs,4088.25801069789,3718.91729623166,4951.53557387802
2039,ProgAnyDisease_AI,N_incDs,3938.38760702834,3579.89694951424,4788.17568481903
2040,ProgAnyDisease_AI,N_incDs,3689.43807397922,3350.03174885195,4504.33285357394
2041,ProgAnyDisease_AI,N_incDs,3469.74110210676,3144.84121856547,4252.61341223751
2042,ProgAnyDisease_AI,N_incDs,3283.00500532693,2969.31564396759,4036.6387793632
2043,ProgAnyDisease_AI,N_incDs,3120.30296577377,2816.39028822884,3847.76530771606
2044,ProgAnyDisease_AI,N_incDs,2975.97018811769,2681.76708979988,3680.85437897387
2045,ProgAnyDisease_AI,N_incDs,2847.64173344152,2562.35193879765,3531.18264231382
2046,ProgAnyDisease_AI,N_incDs,2731.85001413248,2455.56786408586,3396.18879023999
2047,ProgAnyDisease_AI,N_incDs,2629.18755838239,2359.62781038906,3274.47681875479
2048,ProgAnyDisease_AI,N_incDs,2536.5775359006,2273.09472941174,3164.36028096739
2049,ProgAnyDisease_AI,N_incDs,2453.24498265627,2194.72133475577,3064.39006312116
2050,ProgAnyDisease_AI,N_incDs,2376.547442482,2123.44648605248,2973.31002074844
2023,ProgInfecDisease_AI,N_incDs,7078.68372686223,6562.10129148101,8075.38130441133
2024,ProgInfecDisease_AI,N_incDs,6865.44155133142,6362.78446927691,7871.82033055646
2025,ProgInfecDisease_AI,N_incDs,6665.08600601797,6167.82972901816,7680.74777572025
2026,ProgInfecDisease_AI,N_incDs,6477.77302754692,5985.24485243484,7499.68280098308
2027,ProgInfecDisease_AI,N_incDs,6301.83415662711,5818.35990770097,7321.14515791561
2028,ProgInfecDisease_AI,N_incDs,6135.61683712933,5661.53187700294,7153.90271348363
2029,ProgInfecDisease_AI,N_incDs,5984.8334502683,5514.03378182964,7001.91135732668
2030,ProgInfecDisease_AI,N_incDs,5801.921507222,5336.03360457792,6802.37660794705
2031,ProgInfecDisease_AI,N_incDs,5589.54727860985,5135.34890747301,6576.44993554747
2032,ProgInfecDisease_AI,N_incDs,5366.68327769851,4923.44207577858,6342.20794256991
2033,ProgInfecDisease_AI,N_incDs,5138.00246319458,4706.67385657482,6098.64656513353
2034,ProgInfecDisease_AI,N_incDs,4906.83952863869,4489.78072961874,5847.72326852115
2035,ProgInfecDisease_AI,N_incDs,4711.26446922402,4305.87224077082,5635.82051356139
2036,ProgInfecDisease_AI,N_incDs,4545.12009929855,4149.8370679599,5456.47564517422
2037,ProgInfecDisease_AI,N_incDs,4396.96365997506,4012.4871251342,5298.30838427502
2038,ProgInfecDisease_AI,N_incDs,4264.96642208821,3887.68390741272,5155.73856453763
2039,ProgInfecDisease_AI,N_incDs,4143.73054731893,3772.95259455499,5025.40902690291
2040,ProgInfecDisease_AI,N_incDs,3916.93064585636,3562.34595565031,4768.53488052844
2041,ProgInfecDisease_AI,N_incDs,3719.4383517813,3377.86706218958,4543.35156875003
2042,ProgInfecDisease_AI,N_incDs,3556.88623995527,3225.21168918984,4357.38506905975
2043,ProgInfecDisease_AI,N_incDs,3418.66775495488,3095.22114787091,4199.58831385776
2044,ProgInfecDisease_AI,N_incDs,3298.68514126493,2982.54395609505,4062.81223422585
2045,ProgInfecDisease_AI,N_incDs,3191.89515918272,2883.23697654313,3942.14853836293
2046,ProgInfecDisease_AI,N_incDs,3097.15018882988,2794.41347935494,3833.94768444783
2047,ProgInfecDisease_AI,N_incDs,3012.87582538275,2713.892895522,3735.93183465654
2048,ProgInfecDisease_AI,N_incDs,2934.53511333918,2640.32256455875,3646.59838300361
2049,ProgInfecDisease_AI,N_incDs,2861.77112570874,2572.64292540013,3564.59093865037
2050,ProgInfecDisease_AI,N_incDs,2794.79832795364,2510.012032783,3488.8742986373
2023,ProgClinDisease_AI,N_incDs,7078.68372686223,6562.10129148101,8075.38130441133
2024,ProgClinDisease_AI,N_incDs,6865.44155133142,6362.78446927691,7871.82033055646
2025,ProgClinDisease_AI,N_incDs,6665.08600601797,6167.82972901816,7680.74777572025
2026,ProgClinDisease_AI,N_incDs,6477.77302754692,5985.24485243484,7499.68280098308
2027,ProgClinDisease_AI,N_incDs,6301.83415662711,5818.35990770097,7321.14515791561
2028,ProgClinDisease_AI,N_incDs,6135.61683712933,5661.53187700294,7153.90271348363
2029,ProgClinDisease_AI,N_incDs,5984.8334502683,5514.03378182964,7001.91135732668
2030,ProgClinDisease_AI,N_incDs,5841.90110227762,5373.54960657802,6853.75463523141
2031,ProgClinDisease_AI,N_incDs,5698.06671103037,5236.42312979995,6710.92424180734
2032,ProgClinDisease_AI,N_incDs,5557.41219999764,5100.49181128409,6570.80043825143
2033,ProgClinDisease_AI,N_incDs,5415.58498148577,4964.08245439541,6430.44329799099
2034,ProgClinDisease_AI,N_incDs,5272.40574835457,4825.99882840019,6281.08343993108
2035,ProgClinDisease_AI,N_incDs,5126.71018533929,4687.75287934451,6127.34706395709
2036,ProgClinDisease_AI,N_incDs,4986.18934118533,4552.29405292352,5974.93487166434
2037,ProgClinDisease_AI,N_incDs,4848.31019804253,4422.77855272242,5826.19048001087
2038,ProgClinDisease_AI,N_incDs,4716.10766934987,4298.5905116475,5686.4133594765
2039,ProgClinDisease_AI,N_incDs,4590.83285361364,4180.4315618155,5553.00505231524
2040,ProgClinDisease_AI,N_incDs,4467.5624140186,4063.58984934531,5420.50869286147
2041,ProgClinDisease_AI,N_incDs,4339.41370599079,3942.77314733388,5279.2051122853
2042,ProgClinDisease_AI,N_incDs,4211.82935760008,3822.3184148615,5135.26513987401
2043,ProgClinDisease_AI,N_incDs,4086.06741876441,3703.84670443751,4992.08651833119
2044,ProgClinDisease_AI,N_incDs,3963.35605942068,3589.15676295479,4852.76055215712
2045,ProgClinDisease_AI,N_incDs,3844.96145732025,3479.23347896327,4718.09663472119
2046,ProgClinDisease_AI,N_incDs,3734.04253737665,3374.87861116197,4589.35445319878
2047,ProgClinDisease_AI,N_incDs,3629.84888648001,3275.74845851333,4467.81049614873
2048,ProgClinDisease_AI,N_incDs,3530.65720026954,3182.47894433153,4353.61590334543
2049,ProgClinDisease_AI,N_incDs,3437.10726720967,3094.99490937745,4246.60837648256
2050,ProgClinDisease_AI,N_incDs,3351.6809674836,3014.20832186759,4146.48074658283
2023,baseline,N_incDc,2785.18941403446,2606.88424496321,2942.73047102881
2024,baseline,N_incDc,2704.668344259,2529.19631729513,2864.26939806938
2025,baseline,N_incDc,2628.09717367609,2454.98275182332,2789.60564428956
2026,baseline,N_incDc,2555.74908270669,2384.11606817743,2721.00004199466
2027,baseline,N_incDc,2487.34323918882,2316.43664931725,2659.47276270493
2028,baseline,N_incDc,2422.74119177633,2254.48025011542,2604.02039344703
2029,baseline,N_incDc,2361.76795454314,2196.38175546621,2551.66306237111
2030,baseline,N_incDc,2303.84823937449,2142.42371033108,2496.6722661209
2031,baseline,N_incDc,2250.97059990623,2089.69307958423,2442.95745084051
2032,baseline,N_incDc,2199.93403869038,2040.50373616181,2391.31175906043
2033,baseline,N_incDc,2151.34412410311,1994.26640186754,2344.80262489394
2034,baseline,N_incDc,2105.96381494789,1950.57311476508,2306.2458058749
2035,baseline,N_incDc,2062.77838044275,1908.12622116861,2273.17848444442
2036,baseline,N_incDc,2021.47120762327,1866.76353047486,2235.14503589328
2037,baseline,N_incDc,1981.9916005571,1827.46319872663,2199.75476279719
2038,baseline,N_incDc,1944.55620427243,1789.09022497277,2168.94532421509
2039,baseline,N_incDc,1911.20634797009,1752.36306488936,2139.83955546794
2040,baseline,N_incDc,1878.94676742206,1718.64988952497,2112.36564850529
2041,baseline,N_incDc,1846.04193753637,1687.61483383009,2086.41428111477
2042,baseline,N_incDc,1816.18480255451,1658.02690317028,2061.86002578528
2043,baseline,N_incDc,1787.16311861885,1629.27396152624,2037.10346910562
2044,baseline,N_incDc,1760.22875382246,1601.56607722802,2013.58348681966
2045,baseline,N_incDc,1735.03677284357,1576.76119419103,1991.70834398688
2046,baseline,N_incDc,1709.70393241881,1553.05396248604,1972.11160211826
2047,baseline,N_incDc,1686.28441085603,1530.33515812527,1951.71034329209
2048,baseline,N_incDc,1663.38068139267,1508.53337627809,1932.33960230301
2049,baseline,N_incDc,1642.98981837723,1487.56784474529,1913.50950816134
2050,baseline,N_incDc,1621.73209782063,1466.34852832127,1894.39526321007
2023,ProgAnyDisease_AI,N_incDc,2785.18941404585,2606.88424497723,2942.73047103574
2024,ProgAnyDisease_AI,N_incDc,2704.66834427205,2529.19631730756,2864.26939807917
2025,ProgAnyDisease_AI,N_incDc,2628.09717368764,2454.98275183378,2789.60564430217
2026,ProgAnyDisease_AI,N_incDc,2555.74908271822,2384.11606818546,2721.00004200732
2027,ProgAnyDisease_AI,N_incDc,2487.34323920115,2316.43664932876,2659.47276271493
2028,ProgAnyDisease_AI,N_incDc,2422.74119178828,2254.48025012733,2604.02039345669
2029,ProgAnyDisease_AI,N_incDc,2361.76795455363,2196.38175547176,2551.66306238174
2030,ProgAnyDisease_AI,N_incDc,2293.20878496705,2132.01347954172,2484.86062451892
2031,ProgAnyDisease_AI,N_incDc,2211.916771976,2054.57433557174,2401.11047082971
2032,ProgAnyDisease_AI,N_incDc,2121.95335494858,1969.28531928126,2307.86561798767
2033,ProgAnyDisease_AI,N_incDc,2025.19879711453,1878.95486905929,2210.90334138527
2034,ProgAnyDisease_AI,N_incDc,1927.23848853532,1785.591885376,2112.97566921803
2035,ProgAnyDisease_AI,N_incDc,1834.29706490864,1698.13543374052,2021.77648875238
2036,ProgAnyDisease_AI,N_incDc,1752.56143720182,1621.26318372658,1941.73222378093
2037,ProgAnyDisease_AI,N_incDc,1679.80234268583,1552.27755871615,1867.51367606353
2038,ProgAnyDisease_AI,N_incDc,1614.3901603973,1489.96814560667,1800.66660605739
2039,ProgAnyDisease_AI,N_incDc,1555.29530517622,1433.35267269363,1739.45063090763
2040,ProgAnyDisease_AI,N_incDc,1472.09643005992,1354.77298401583,1653.09606626004
2041,ProgAnyDisease_AI,N_incDc,1379.11821383797,1267.3991971118,1554.58546074546
2042,ProgAnyDisease_AI,N_incDc,1301.49934421725,1194.11448354763,1470.76351974245
2043,ProgAnyDisease_AI,N_incDc,1234.41172135897,1130.63177291562,1398.28048627124
2044,ProgAnyDisease_AI,N_incDc,1175.68356301227,1075.07925984925,1334.82406304714
2045,ProgAnyDisease_AI,N_incDc,1124.00336877158,1026.06894002091,1278.83133151971
2046,ProgAnyDisease_AI,N_incDc,1078.02070537158,982.450726891567,1228.97204637398
2047,ProgAnyDisease_AI,N_incDc,1037.15397229948,943.402334598962,1184.33876462966
2048,ProgAnyDisease_AI,N_incDc,1000.35824631971,908.301661734124,1144.23551054351
2049,ProgAnyDisease_AI,N_incDc,966.913572150629,876.611513739409,1108.06052009038
2050,ProgAnyDisease_AI,N_incDc,936.547639010424,848.048361492822,1075.49701697235
2023,ProgInfecDisease_AI,N_incDc,2785.18941404585,2606.88424497723,2942.73047103574
2024,ProgInfecDisease_AI,N_incDc,2704.66834427205,2529.19631730756,2864.26939807917
2025,ProgInfecDisease_AI,N_incDc,2628.09717368764,2454.98275183378,2789.60564430217
2026,ProgInfecDisease_AI,N_incDc,2555.74908271822,2384.11606818546,2721.00004200732
2027,ProgInfecDisease_AI,N_incDc,2487.34323920115,2316.43664932876,2659.47276271493
2028,ProgInfecDisease_AI,N_incDc,2422.74119178828,2254.48025012733,2604.02039345669
2029,ProgInfecDisease_AI,N_incDc,2361.76795455363,2196.38175547176,2551.66306238174
2030,ProgInfecDisease_AI,N_incDc,2293.1527602468,2131.9612022341,2484.80748866328
2031,ProgInfecDisease_AI,N_incDc,2212.56012637041,2055.29544403856,2401.85826392213
2032,ProgInfecDisease_AI,N_incDc,2125.54432102888,1972.97710013956,2311.82781924098
2033,ProgInfecDisease_AI,N_incDc,2034.38938470976,1888.00795739203,2221.51724556134
2034,ProgInfecDisease_AI,N_incDc,1944.33744105507,1802.51195263685,2132.7859474722
2035,ProgInfecDisease_AI,N_incDc,1863.23984375705,1725.62441685288,2053.28246215561
2036,ProgInfecDisease_AI,N_incDc,1794.99691183502,1660.85102255672,1985.6279294511
2037,ProgInfecDisease_AI,N_incDc,1735.49986770723,1604.05292218483,1924.31444453497
2038,ProgInfecDisease_AI,N_incDc,1682.26128587296,1552.8917453886,1871.36361770334
2039,ProgInfecDisease_AI,N_incDc,1633.98395833497,1505.39857484428,1823.56776624358
2040,ProgInfecDisease_AI,N_incDc,1560.13515997737,1433.27149393284,1747.23982490051
2041,ProgInfecDisease_AI,N_incDc,1475.50492920547,1353.43079874827,1657.25994237723
2042,ProgInfecDisease_AI,N_incDc,1407.55462819051,1289.16916063433,1584.90384392029
2043,ProgInfecDisease_AI,N_incDc,1350.8050460483,1235.00326913708,1524.39100180595
2044,ProgInfecDisease_AI,N_incDc,1302.04182341902,1188.75715410693,1472.08270461296
2045,ProgInfecDisease_AI,N_incDc,1259.35637942652,1148.40494579037,1426.14169288319
2046,ProgInfecDisease_AI,N_incDc,1221.33830868822,1112.26151976253,1385.48012283988
2047,ProgInfecDisease_AI,N_incDc,1186.98047558445,1080.09865581519,1350.23329437857
2048,ProgInfecDisease_AI,N_incDc,1155.41204409353,1050.97963699802,1317.02250262996
2049,ProgInfecDisease_AI,N_incDc,1126.67162182855,1024.24794866409,1286.56287983196
2050,ProgInfecDisease_AI,N_incDc,1099.96374944215,999.137740770202,1258.47962204443
2023,ProgClinDisease_AI,N_incDc,2785.18941404585,2606.88424497723,2942.73047103574
2024,ProgClinDisease_AI,N_incDc,2704.66834427205,2529.19631730756,2864.26939807917
2025,ProgClinDisease_AI,N_incDc,2628.09717368764,2454.98275183378,2789.60564430217
2026,ProgClinDisease_AI,N_incDc,2555.74908271822,2384.11606818546,2721.00004200732
2027,ProgClinDisease_AI,N_incDc,2487.34323920115,2316.43664932876,2659.47276271493
2028,ProgClinDisease_AI,N_incDc,2422.74119178828,2254.48025012733,2604.02039345669
2029,ProgClinDisease_AI,N_incDc,2361.76795455363,2196.38175547176,2551.66306238174
2030,ProgClinDisease_AI,N_incDc,2294.62581056343,2133.3210351047,2486.35433094805
2031,ProgClinDisease_AI,N_incDc,2219.30062129235,2061.26561201626,2409.11386880791
2032,ProgClinDisease_AI,N_incDc,2139.95306788148,1986.01698860891,2326.4983292453
2033,ProgClinDisease_AI,N_incDc,2058.17628414143,1909.40117296676,2243.7388585419
2034,ProgClinDisease_AI,N_incDc,1977.98314717418,1832.77244053207,2164.23385065398
2035,ProgClinDisease_AI,N_incDc,1905.47649385444,1764.01620328282,2092.39501605598
2036,ProgClinDisease_AI,N_incDc,1843.22841643125,1705.06945567669,2031.35709233254
2037,ProgClinDisease_AI,N_incDc,1788.89089584758,1652.56586360242,1973.76321830535
2038,ProgClinDisease_AI,N_incDc,1739.30661199557,1604.40599132752,1922.96729679418
2039,ProgClinDisease_AI,N_incDc,1694.16516493837,1560.16090612328,1880.98992206767
2040,ProgClinDisease_AI,N_incDc,1624.85740308107,1493.03218457733,1809.70423180116
2041,ProgClinDisease_AI,N_incDc,1548.31475170118,1420.76901264995,1729.54643389429
2042,ProgClinDisease_AI,N_incDc,1486.66593593968,1362.39185969499,1665.81437418923
2043,ProgClinDisease_AI,N_incDc,1434.42949868201,1312.53236965705,1612.33246861189
2044,ProgClinDisease_AI,N_incDc,1389.31342404402,1269.05998188067,1566.3973682045
2045,ProgClinDisease_AI,N_incDc,1350.09952648151,1231.5704701335,1524.35714051518
2046,ProgClinDisease_AI,N_incDc,1313.36914627171,1198.00042576934,1486.70692875129
2047,ProgClinDisease_AI,N_incDc,1281.01303659431,1167.55728521114,1452.69225001246
2048,ProgClinDisease_AI,N_incDc,1251.95666482495,1139.71278440694,1421.70848552538
2049,ProgClinDisease_AI,N_incDc,1224.62850801802,1113.63099553744,1393.27001973193
2050,ProgClinDisease_AI,N_incDc,1199.2841483636,1088.42326177376,1366.99919960639
2023,baseline,N_incDsDc,9875.56399992816,9181.74406289894,11011.8619713013
2024,baseline,N_incDsDc,9578.19863219592,8899.62484625382,10724.9008920745
2025,baseline,N_incDsDc,9304.47091068009,8629.73871767127,10446.621942978
2026,baseline,N_incDsDc,9044.60154266417,8374.12767281412,10184.6022910067
2027,baseline,N_incDsDc,8803.02281229498,8140.81036886651,9947.18826640382
2028,baseline,N_incDsDc,8573.34031010582,7921.52738674876,9730.48973622028
2029,baseline,N_incDsDc,8356.07695759461,7715.22828390082,9537.60552179201
2030,baseline,N_incDsDc,8151.70104601021,7520.45409453717,9361.32527016252
2031,baseline,N_incDsDc,7957.76381435294,7336.84254099048,9178.3885489495
2032,baseline,N_incDsDc,7777.85380849806,7163.65229475091,9008.78945473267
2033,baseline,N_incDsDc,7611.37035729839,6999.80955043987,8844.88111011994
2034,baseline,N_incDsDc,7447.87796290622,6845.46365247783,8690.85371578217
2035,baseline,N_incDsDc,7295.4703579663,6700.48275307668,8550.76622733687
2036,baseline,N_incDsDc,7151.0722192787,6563.09953476436,8413.94372232144
2037,baseline,N_incDsDc,7012.80384370965,6430.83567356853,8278.19678760047
2038,baseline,N_incDsDc,6883.75180420164,6302.88804261482,8143.12788039582
2039,baseline,N_incDsDc,6760.9980762106,6184.80800652706,8021.28714122379
2040,baseline,N_incDsDc,6641.61883956316,6074.12206657758,7909.59655910381
2041,baseline,N_incDsDc,6531.19621105309,5968.67210402462,7807.79228069817
2042,baseline,N_incDsDc,6427.23404251213,5866.16527197444,7713.7772079982
2043,baseline,N_incDsDc,6328.33749236015,5768.28328325829,7624.64834126226
2044,baseline,N_incDsDc,6231.27055522747,5674.91151911356,7539.98193955784
2045,baseline,N_incDsDc,6138.36881946642,5583.83532861739,7458.83880895459
2046,baseline,N_incDsDc,6052.36443199968,5496.69516417514,7375.1780925017
2047,baseline,N_incDsDc,5970.03039356334,5412.60556461534,7295.60154259582
2048,baseline,N_incDsDc,5890.54507995258,5333.90148389456,7224.48901923015
2049,baseline,N_incDsDc,5811.55470836711,5258.18164582605,7163.92491630755
2050,baseline,N_incDsDc,5735.91101772266,5185.22191606555,7106.63181975917
2023,ProgAnyDisease_AI,N_incDsDc,9875.56399996337,9181.74406292903,11011.8619713415
2024,ProgAnyDisease_AI,N_incDsDc,9578.19863223309,8899.62484628652,10724.90089211
2025,ProgAnyDisease_AI,N_incDsDc,9304.47091071425,8629.73871770301,10446.6219430126
2026,ProgAnyDisease_AI,N_incDsDc,9044.60154269671,8374.12767284483,10184.6022910386
2027,ProgAnyDisease_AI,N_incDsDc,8803.02281232829,8140.81036889848,9947.18826643381
2028,ProgAnyDisease_AI,N_incDsDc,8573.3403101435,7921.52738678006,9730.48973624897
2029,ProgAnyDisease_AI,N_incDsDc,8356.07695763418,7715.22828393435,9537.6055218231
2030,ProgAnyDisease_AI,N_incDsDc,8098.71749312327,7471.51720129735,9291.74605599668
2031,ProgAnyDisease_AI,N_incDsDc,7799.16252605956,7189.93719316669,8983.20713537706
2032,ProgAnyDisease_AI,N_incDsDc,7472.02142567114,6883.34823678251,8654.24397777537
2033,ProgAnyDisease_AI,N_incDsDc,7131.85971005668,6560.40329172121,8287.85691940706
2034,ProgAnyDisease_AI,N_incDsDc,6777.5612715449,6228.37172914006,7906.03509293469
2035,ProgAnyDisease_AI,N_incDsDc,6460.31905945785,5928.86745002213,7569.68707752163
2036,ProgAnyDisease_AI,N_incDsDc,6178.30036058634,5663.99660290494,7265.1509086793
2037,ProgAnyDisease_AI,N_incDsDc,5926.64448802341,5427.8671112926,6991.14074421861
2038,ProgAnyDisease_AI,N_incDsDc,5697.89532910826,5214.08165266565,6742.56971980002
2039,ProgAnyDisease_AI,N_incDsDc,5490.53067464423,5019.38258885528,6516.47104127597
2040,ProgAnyDisease_AI,N_incDsDc,5161.92028856281,4710.44759461439,6134.12502327222
2041,ProgAnyDisease_AI,N_incDsDc,4848.38426639688,4418.51542395543,5783.24745782164
2042,ProgAnyDisease_AI,N_incDsDc,4581.71251427315,4170.59026065052,5486.71396016681
2043,ProgAnyDisease_AI,N_incDsDc,4350.18569763788,3955.01559320612,5228.13113932275
2044,ProgAnyDisease_AI,N_incDsDc,4148.6087166138,3764.87134952064,5000.0006900986
2045,ProgAnyDisease_AI,N_incDsDc,3970.72146573341,3596.43954310149,4797.1644553988
2046,ProgAnyDisease_AI,N_incDsDc,3809.52299598327,3445.98896497169,4615.50137367462
2047,ProgAnyDisease_AI,N_incDsDc,3667.21480957036,3310.91087548637,4452.93350649361
2048,ProgAnyDisease_AI,N_incDsDc,3538.64308423251,3189.14901250946,4306.27891181968
2049,ProgAnyDisease_AI,N_incDsDc,3421.09152978938,3078.93052422941,4173.51063627156
2050,ProgAnyDisease_AI,N_incDsDc,3314.41410274411,2978.53665823414,4052.88499754704
2023,ProgInfecDisease_AI,N_incDsDc,9875.56399996337,9181.74406292903,11011.8619713415
2024,ProgInfecDisease_AI,N_incDsDc,9578.19863223309,8899.62484628652,10724.90089211
2025,ProgInfecDisease_AI,N_incDsDc,9304.47091071425,8629.73871770301,10446.6219430126
2026,ProgInfecDisease_AI,N_incDsDc,9044.60154269671,8374.12767284483,10184.6022910386
2027,ProgInfecDisease_AI,N_incDsDc,8803.02281232829,8140.81036889848,9947.18826643381
2028,ProgInfecDisease_AI,N_incDsDc,8573.3403101435,7921.52738678006,9730.48973624897
2029,ProgInfecDisease_AI,N_incDsDc,8356.07695763418,7715.22828393435,9537.6055218231
2030,ProgInfecDisease_AI,N_incDsDc,8098.63145701396,7471.47892757525,9291.3178910742
2031,ProgInfecDisease_AI,N_incDsDc,7803.13714031441,7193.63804067701,8986.43628125644
2032,ProgInfecDisease_AI,N_incDsDc,7488.70707759495,6898.72211374177,8668.95584476698
2033,ProgInfecDisease_AI,N_incDsDc,7170.46369794041,6597.02636339547,8325.85982618673
2034,ProgInfecDisease_AI,N_incDsDc,6849.64900870116,6295.63854921755,7977.83123912996
2035,ProgInfecDisease_AI,N_incDsDc,6573.62847686966,6035.19491733723,7689.89274346921
2036,ProgInfecDisease_AI,N_incDsDc,6338.61792616485,5815.51262184321,7436.91405511517
2037,ProgInfecDisease_AI,N_incDsDc,6133.58063946464,5620.56045978545,7214.82824198745
2038,ProgInfecDisease_AI,N_incDsDc,5948.03576986786,5444.01059926809,7015.44576365423
2039,ProgInfecDisease_AI,N_incDsDc,5777.74750885748,5282.49810452439,6834.22379643779
2040,ProgInfecDisease_AI,N_incDsDc,5477.83476858282,5004.06560294097,6490.62845320763
2041,ProgInfecDisease_AI,N_incDsDc,5194.971903089,4739.66868081647,6174.91581220809
2042,ProgInfecDisease_AI,N_incDsDc,4964.68789080893,4522.83469370172,5918.68437572847
2043,ProgInfecDisease_AI,N_incDsDc,4769.36388233349,4339.30835631022,5702.14725481179
2044,ProgInfecDisease_AI,N_incDsDc,4601.29692822905,4180.50442650869,5515.03572823654
2045,ProgInfecDisease_AI,N_incDsDc,4453.54796593833,4040.75327961825,5351.61612208534
2046,ProgInfecDisease_AI,N_incDsDc,4320.13248259706,3915.66640196231,5207.38370668958
2047,ProgInfecDisease_AI,N_incDsDc,4198.68867930389,3802.44702757477,5076.41772918789
2048,ProgInfecDisease_AI,N_incDsDc,4088.44746728217,3699.12870287654,4955.63532573
2049,ProgInfecDisease_AI,N_incDsDc,3988.02837019631,3604.17389749252,4845.31343305406
2050,ProgInfecDisease_AI,N_incDsDc,3895.69646267179,3516.37227374255,4743.97854329512
2023,ProgClinDisease_AI,N_incDsDc,9875.56399996337,9181.74406292903,11011.8619713415
2024,ProgClinDisease_AI,N_incDsDc,9578.19863223309,8899.62484628652,10724.90089211
2025,ProgClinDisease_AI,N_incDsDc,9304.47091071425,8629.73871770301,10446.6219430126
2026,ProgClinDisease_AI,N_incDsDc,9044.60154269671,8374.12767284483,10184.6022910386
2027,ProgClinDisease_AI,N_incDsDc,8803.02281232829,8140.81036889848,9947.18826643381
2028,ProgClinDisease_AI,N_incDsDc,8573.3403101435,7921.52738678006,9730.48973624897
2029,ProgClinDisease_AI,N_incDsDc,8356.07695763418,7715.22828393435,9537.6055218231
2030,ProgClinDisease_AI,N_incDsDc,8140.91376811933,7510.38605112516,9347.8745895473
2031,ProgClinDisease_AI,N_incDsDc,7918.98294909968,7300.93739545221,9131.88973476634
2032,ProgClinDisease_AI,N_incDsDc,7696.37402205096,7089.13574020901,8915.25385319482
2033,ProgClinDisease_AI,N_incDsDc,7474.8372973258,6875.59302703089,8687.24782825263
2034,ProgClinDisease_AI,N_incDsDc,7249.43883605695,6661.41859815167,8454.78576933737
2035,ProgClinDisease_AI,N_incDsDc,7032.21031745055,6454.94259831958,8231.71716398251
2036,ProgClinDisease_AI,N_incDsDc,6827.03929170684,6261.00872217833,8013.90948160622
2037,ProgClinDisease_AI,N_incDsDc,6632.55215910994,6079.58051256993,7807.56774026045
2038,ProgClinDisease_AI,N_incDsDc,6451.35964291157,5906.26638334513,7612.69269856356
2039,ProgClinDisease_AI,N_incDsDc,6280.52240423107,5744.52976727652,7429.60600647641
2040,ProgClinDisease_AI,N_incDsDc,6088.67959992863,5564.09083332793,7220.04299216675
2041,ProgClinDisease_AI,N_incDsDc,5885.51287307203,5372.2081571056,6994.84851600587
2042,ProgClinDisease_AI,N_incDsDc,5695.75985688486,5193.99015751036,6783.92570110339
2043,ProgClinDisease_AI,N_incDsDc,5517.80822234884,5025.79780706454,6584.05092511761
2044,ProgClinDisease_AI,N_incDsDc,5350.74120408318,4867.8434289611,6397.79334038784
2045,ProgClinDisease_AI,N_incDsDc,5192.87057021308,4720.10484837102,6221.34463493214
2046,ProgClinDisease_AI,N_incDsDc,5044.90306443089,4582.12845005002,6057.5027876199
2047,ProgClinDisease_AI,N_incDsDc,4906.70087946904,4453.43437377667,5904.07669877996
2048,ProgClinDisease_AI,N_incDsDc,4778.25618871186,4333.51521447926,5760.72315026865
2049,ProgClinDisease_AI,N_incDsDc,4658.19672720647,4221.73483212969,5627.04205880944
2050,ProgClinDisease_AI,N_incDsDc,4546.9518808503,4117.44945977156,5502.65557219808
2023,baseline,N_incDn,9686.48468534391,8971.09964716251,11222.1324897725
2024,baseline,N_incDn,9409.16990953873,8707.13817616828,10943.6434431728
2025,baseline,N_incDn,9159.28756059058,8460.02038600983,10682.7113319196
2026,baseline,N_incDn,8914.0096122882,8225.74492640823,10441.4966639357
2027,baseline,N_incDn,8691.27813467077,8004.68681088028,10219.6581265954
2028,baseline,N_incDn,8482.8904866423,7798.46630333085,10017.7757528242
2029,baseline,N_incDn,8276.80077991823,7602.73120820202,9827.56795619342
2030,baseline,N_incDn,8094.98526575855,7415.25788001118,9648.84061121889
2031,baseline,N_incDn,7916.03500276548,7241.32342504355,9474.12222693145
2032,baseline,N_incDn,7747.37295806467,7077.13538737222,9306.41144296092
2033,baseline,N_incDn,7585.5957504692,6919.29635275343,9143.17845885835
2034,baseline,N_incDn,7432.13947296894,6773.06391729954,8999.28643465355
2035,baseline,N_incDn,7290.64061789316,6633.97875208046,8865.00250238933
2036,baseline,N_incDn,7154.53397918038,6502.02440608647,8737.57548350326
2037,baseline,N_incDn,7026.51223713971,6376.68316866131,8616.55892178479
2038,baseline,N_incDn,6903.85253473863,6257.68786909579,8493.22868931369
2039,baseline,N_incDn,6786.75282637167,6144.71911579958,8375.12397796714
2040,baseline,N_incDn,6674.8543635108,6037.60107388866,8263.12348183987
2041,baseline,N_incDn,6568.41769650497,5935.77073626153,8157.13597172928
2042,baseline,N_incDn,6468.9761621231,5838.71778429819,8056.08213146416
2043,baseline,N_incDn,6371.5174827229,5746.0559613759,7959.57285973966
2044,baseline,N_incDn,6281.47765118951,5657.42003549153,7871.68453947283
2045,baseline,N_incDn,6194.35946978274,5572.47592308272,7790.66525567559
2046,baseline,N_incDn,6111.11451590168,5490.97261515467,7713.16658040744
2047,baseline,N_incDn,6030.07093594758,5412.53833795417,7638.74879029307
2048,baseline,N_incDn,5952.68445198671,5336.97711683436,7567.22512550964
2049,baseline,N_incDn,5879.56042077362,5261.14841485248,7498.46077266647
2050,baseline,N_incDn,5808.44155307732,5180.9569374617,7432.16608638342
2023,ProgAnyDisease_AI,N_incDn,9686.48468537628,8971.0996471974,11222.1324898079
2024,ProgAnyDisease_AI,N_incDn,9409.16990957828,8707.13817620897,10943.6434432144
2025,ProgAnyDisease_AI,N_incDn,9159.28756062623,8460.0203860476,10682.7113319655
2026,ProgAnyDisease_AI,N_incDn,8914.00961232969,8225.74492645056,10441.49666398
2027,ProgAnyDisease_AI,N_incDn,8691.2781347123,8004.68681093493,10219.6581266378
2028,ProgAnyDisease_AI,N_incDn,8482.89048668208,7798.46630336874,10017.7757528654
2029,ProgAnyDisease_AI,N_incDn,8276.80077995916,7602.73120823264,9827.5679562299
2030,ProgAnyDisease_AI,N_incDn,7892.59781633404,7231.99607168163,9408.97515070829
2031,ProgAnyDisease_AI,N_incDn,7499.62577213615,6868.06659440124,8985.40047163612
2032,ProgAnyDisease_AI,N_incDn,7110.94457646777,6502.8702006531,8551.5081458238
2033,ProgAnyDisease_AI,N_incDn,6721.80680519677,6132.90824908741,8113.96415871229
2034,ProgAnyDisease_AI,N_incDn,6335.22674675205,5769.30864470018,7684.62934456262
2035,ProgAnyDisease_AI,N_incDn,6104.24265736206,5549.55308659073,7437.55360109237
2036,ProgAnyDisease_AI,N_incDn,5878.72144976352,5335.40405404708,7192.44635038544
2037,ProgAnyDisease_AI,N_incDn,5667.7642795823,5135.00391721403,6961.15188750634
2038,ProgAnyDisease_AI,N_incDn,5473.37101852925,4950.1528671008,6746.83932164043
2039,ProgAnyDisease_AI,N_incDn,5292.74883314069,4779.88037318932,6548.86930099806
2040,ProgAnyDisease_AI,N_incDn,4606.30810530486,4147.92234773836,5723.14063210664
2041,ProgAnyDisease_AI,N_incDn,4428.23645192172,3981.28377889834,5525.05603606786
2042,ProgAnyDisease_AI,N_incDn,4242.26931808204,3806.57946268137,5311.64942400388
2043,ProgAnyDisease_AI,N_incDn,4067.51508638514,3641.30791127958,5106.77559548651
2044,ProgAnyDisease_AI,N_incDn,3907.4540210141,3491.75911070695,4920.02252172718
2045,ProgAnyDisease_AI,N_incDn,3762.41976187728,3356.05374747847,4749.99068811242
2046,ProgAnyDisease_AI,N_incDn,3630.09505507092,3232.68026728119,4592.11654032614
2047,ProgAnyDisease_AI,N_incDn,3510.75501113298,3121.76603240491,4448.70869731494
2048,ProgAnyDisease_AI,N_incDn,3401.03619456834,3020.8181642961,4318.30087451106
2049,ProgAnyDisease_AI,N_incDn,3299.72163366002,2928.63758612292,4199.44147356678
2050,ProgAnyDisease_AI,N_incDn,3203.58188544614,2844.03438082699,4090.27570703445
2023,ProgInfecDisease_AI,N_incDn,9686.48468537628,8971.0996471974,11222.1324898079
2024,ProgInfecDisease_AI,N_incDn,9409.16990957828,8707.13817620897,10943.6434432144
2025,ProgInfecDisease_AI,N_incDn,9159.28756062623,8460.0203860476,10682.7113319655
2026,ProgInfecDisease_AI,N_incDn,8914.00961232969,8225.74492645056,10441.49666398
2027,ProgInfecDisease_AI,N_incDn,8691.2781347123,8004.68681093493,10219.6581266378
2028,ProgInfecDisease_AI,N_incDn,8482.89048668208,7798.46630336874,10017.7757528654
2029,ProgInfecDisease_AI,N_incDn,8276.80077995916,7602.73120823264,9827.5679562299
2030,ProgInfecDisease_AI,N_incDn,8075.7541546861,7398.55337336275,9629.09634725865
2031,ProgInfecDisease_AI,N_incDn,7842.50938385547,7174.21359299295,9386.19822160167
2032,ProgInfecDisease_AI,N_incDn,7581.96052298372,6922.74098832532,9103.86216344133
2033,ProgInfecDisease_AI,N_incDn,7302.15926101783,6657.18405136791,8805.70854290867
2034,ProgInfecDisease_AI,N_incDn,7014.0698496939,6382.60868235443,8494.70904290227
2035,ProgInfecDisease_AI,N_incDn,6733.42635393182,6118.75322043214,8188.95623419853
2036,ProgInfecDisease_AI,N_incDn,6480.76515460633,5883.38384575979,7911.90040117413
2037,ProgInfecDisease_AI,N_incDn,6259.24141822754,5675.51135170536,7666.7488090021
2038,ProgInfecDisease_AI,N_incDn,6063.77225826241,5491.06289838467,7449.19945326299
2039,ProgInfecDisease_AI,N_incDn,5889.54786790271,5325.17913199669,7253.6469043892
2040,ProgInfecDisease_AI,N_incDn,5685.61525893839,5130.02333197194,7021.14090674032
2041,ProgInfecDisease_AI,N_incDn,5432.62207547762,4895.65827225057,6735.05448397336
2042,ProgInfecDisease_AI,N_incDn,5189.27600003321,4669.4885708311,6455.53015663219
2043,ProgInfecDisease_AI,N_incDn,4971.92740922334,4466.56284800033,6203.92925229241
2044,ProgInfecDisease_AI,N_incDn,4783.71890587661,4291.12773226176,5983.55807855088
2045,ProgInfecDisease_AI,N_incDn,4620.50520969561,4138.37979203567,5790.40582236974
2046,ProgInfecDisease_AI,N_incDn,4476.04404217145,4003.39264375092,5619.79976336653
2047,ProgInfecDisease_AI,N_incDn,4346.89171919858,3882.65863109503,5467.43044174571
2048,ProgInfecDisease_AI,N_incDn,4229.29571178097,3773.386329341,5329.91328746517
2049,ProgInfecDisease_AI,N_incDn,4123.16464387653,3673.55384865079,5204.67481636709
2050,ProgInfecDisease_AI,N_incDn,4022.86826841664,3581.62701156937,5089.71503603955
2023,ProgClinDisease_AI,N_incDn,9686.48468537628,8971.0996471974,11222.1324898079
2024,ProgClinDisease_AI,N_incDn,9409.16990957828,8707.13817620897,10943.6434432144
2025,ProgClinDisease_AI,N_incDn,9159.28756062623,8460.0203860476,10682.7113319655
2026,ProgClinDisease_AI,N_incDn,8914.00961232969,8225.74492645056,10441.49666398
2027,ProgClinDisease_AI,N_incDn,8691.2781347123,8004.68681093493,10219.6581266378
2028,ProgClinDisease_AI,N_incDn,8482.89048668208,7798.46630336874,10017.7757528654
2029,ProgClinDisease_AI,N_incDn,8276.80077995916,7602.73120823264,9827.5679562299
2030,ProgClinDisease_AI,N_incDn,8097.00773201046,7417.09972137215,9650.59693613625
2031,ProgClinDisease_AI,N_incDn,7914.43832027991,7240.57055295312,9470.21627741231
2032,ProgClinDisease_AI,N_incDn,7728.81391296176,7060.67801343277,9278.31440087256
2033,ProgClinDisease_AI,N_incDn,7535.34672973018,6872.49842715596,9079.32244434655
2034,ProgClinDisease_AI,N_incDn,7333.97610752145,6681.35288302092,8870.063210077
2035,ProgClinDisease_AI,N_incDn,7128.47064241136,6485.54288193348,8651.2555635287
2036,ProgClinDisease_AI,N_incDn,6923.7210712732,6290.96042748252,8426.57438545994
2037,ProgClinDisease_AI,N_incDn,6727.95651678652,6105.54865552893,8212.97583196165
2038,ProgClinDisease_AI,N_incDn,6544.31055087677,5931.26443681324,8012.71496984694
2039,ProgClinDisease_AI,N_incDn,6370.95647037631,5767.8475477637,7826.00654578327
2040,ProgClinDisease_AI,N_incDn,6213.67167558292,5619.81857516414,7657.28918046533
2041,ProgClinDisease_AI,N_incDn,6049.41971825512,5465.01330573357,7472.20485896719
2042,ProgClinDisease_AI,N_incDn,5863.11176278128,5291.08400739521,7257.06080668723
2043,ProgClinDisease_AI,N_incDn,5675.65658996444,5117.74873465724,7040.79548654575
2044,ProgClinDisease_AI,N_incDn,5497.89700072718,4953.65431168297,6836.20477969487
2045,ProgClinDisease_AI,N_incDn,5332.19174285658,4799.9695387221,6645.32905809785
2046,ProgClinDisease_AI,N_incDn,5178.92652631629,4656.48406206878,6464.71812692837
2047,ProgClinDisease_AI,N_incDn,5036.61238514061,4522.81799925712,6296.60780417497
2048,ProgClinDisease_AI,N_incDn,4903.3578347979,4398.21535212386,6140.14842538422
2049,ProgClinDisease_AI,N_incDn,4779.20490537816,4281.92901777155,5994.47509521884
2050,ProgClinDisease_AI,N_incDn,4662.93782997012,4173.19939639949,5858.69480346047
2023,baseline,N_mort,438.963103230016,423.3644510045,482.568137628103
2024,baseline,N_mort,425.477370227197,409.505995174475,469.984300757666
2025,baseline,N_mort,412.820326518746,396.490153866195,458.086539522254
2026,baseline,N_mort,400.874291313037,384.498794720011,446.68034714437
2027,baseline,N_mort,389.635799682387,373.155298273013,435.920650830161
2028,baseline,N_mort,379.129953012954,362.547778875171,425.776555783634
2029,baseline,N_mort,368.993343446306,352.591781954715,416.465140868678
2030,baseline,N_mort,359.671195300566,343.235014617516,407.675804983007
2031,baseline,N_mort,350.895501148867,334.425186122968,399.364430092682
2032,baseline,N_mort,342.715905536237,326.129305253582,391.50871574573
2033,baseline,N_mort,334.870175528416,318.309638632144,384.552313470418
2034,baseline,N_mort,327.56200343681,310.885130148358,377.424584017274
2035,baseline,N_mort,320.556002101669,303.780390201421,370.659368500268
2036,baseline,N_mort,314.012460936307,297.209472216017,364.22852864811
2037,baseline,N_mort,307.697723391279,290.99051464829,358.180788280864
2038,baseline,N_mort,301.686333227142,284.973617817253,352.814167187476
2039,baseline,N_mort,296.099438976205,279.174424602862,347.821498809079
2040,baseline,N_mort,290.835257759138,273.830750701096,343.231223240393
2041,baseline,N_mort,285.825106732499,268.755620768074,338.968589500786
2042,baseline,N_mort,281.056745577222,263.869737622777,334.676626776828
2043,baseline,N_mort,276.436221749348,259.246491969721,330.521236477213
2044,baseline,N_mort,272.212109049407,254.924083584309,326.57827419565
2045,baseline,N_mort,268.066870560251,250.696854135931,322.831392676042
2046,baseline,N_mort,264.142307391605,246.70838835786,319.26700554304
2047,baseline,N_mort,260.348023442637,242.957487727233,315.870079855339
2048,baseline,N_mort,256.71595267753,239.365336179739,312.703234836754
2049,baseline,N_mort,253.319780224974,235.701976357957,309.956579808896
2050,baseline,N_mort,250.033895700214,231.910811256022,307.072465992157
2023,ProgAnyDisease_AI,N_mort,438.963103231188,423.364451005756,482.568137629765
2024,ProgAnyDisease_AI,N_mort,425.477370228339,409.505995175686,469.984300759277
2025,ProgAnyDisease_AI,N_mort,412.820326519938,396.490153867245,458.086539523547
2026,ProgAnyDisease_AI,N_mort,400.874291314137,384.498794721053,446.680347145302
2027,ProgAnyDisease_AI,N_mort,389.635799683717,373.155298273993,435.920650831364
2028,ProgAnyDisease_AI,N_mort,379.12995301404,362.547778876187,425.776555784593
2029,ProgAnyDisease_AI,N_mort,368.993343447402,352.591781955861,416.465140869598
2030,ProgAnyDisease_AI,N_mort,359.10361192802,342.707275364725,407.127627373613
2031,ProgAnyDisease_AI,N_mort,347.834682139216,331.495916708749,396.153440244065
2032,ProgAnyDisease_AI,N_mort,335.146207604309,318.880251119084,383.321319295162
2033,ProgAnyDisease_AI,N_mort,321.225569731462,305.104392587498,368.985750606273
2034,ProgAnyDisease_AI,N_mort,306.457567002068,290.628779355787,353.546669406211
2035,ProgAnyDisease_AI,N_mort,291.592119580475,276.219304164901,337.786774960465
2036,ProgAnyDisease_AI,N_mort,278.074127328944,263.057308229084,323.14994816323
2037,ProgAnyDisease_AI,N_mort,266.1040062421,251.221200100938,310.278941251198
2038,ProgAnyDisease_AI,N_mort,255.220191876238,240.584279421436,298.834751101161
2039,ProgAnyDisease_AI,N_mort,245.233643676793,231.005364071415,288.484349548618
2040,ProgAnyDisease_AI,N_mort,234.702467365259,220.923060305189,277.199911420304
2041,ProgAnyDisease_AI,N_mort,221.329310229275,208.088716791864,262.169542248052
2042,ProgAnyDisease_AI,N_mort,208.452115397646,195.713026461033,247.700575722484
2043,ProgAnyDisease_AI,N_mort,197.066818629641,184.860958120604,234.799280240764
2044,ProgAnyDisease_AI,N_mort,187.122168971095,175.362325718476,223.375260964153
2045,ProgAnyDisease_AI,N_mort,178.345603811255,167.007577189904,213.341874391977
2046,ProgAnyDisease_AI,N_mort,170.539705853198,159.543774251897,204.548604992143
2047,ProgAnyDisease_AI,N_mort,163.594032391367,152.856802948757,196.699036112466
2048,ProgAnyDisease_AI,N_mort,157.314925759229,146.852058044392,189.659348983865
2049,ProgAnyDisease_AI,N_mort,151.658418620659,141.440292481359,183.282214138893
2050,ProgAnyDisease_AI,N_mort,146.558367912829,136.542892823232,177.522497583182
2023,ProgInfecDisease_AI,N_mort,438.963103231188,423.364451005756,482.568137629765
2024,ProgInfecDisease_AI,N_mort,425.477370228339,409.505995175686,469.984300759277
2025,ProgInfecDisease_AI,N_mort,412.820326519938,396.490153867245,458.086539523547
2026,ProgInfecDisease_AI,N_mort,400.874291314137,384.498794721053,446.680347145302
2027,ProgInfecDisease_AI,N_mort,389.635799683717,373.155298273993,435.920650831364
2028,ProgInfecDisease_AI,N_mort,379.12995301404,362.547778876187,425.776555784593
2029,ProgInfecDisease_AI,N_mort,368.993343447402,352.591781955861,416.465140869598
2030,ProgInfecDisease_AI,N_mort,359.100024041337,342.704415180559,407.125584214587
2031,ProgInfecDisease_AI,N_mort,347.863427502898,331.529237822226,396.201674787663
2032,ProgInfecDisease_AI,N_mort,335.397641547033,319.132051392672,383.657555693065
2033,ProgInfecDisease_AI,N_mort,322.04997621646,305.912599960521,370.021723687875
2034,ProgInfecDisease_AI,N_mort,308.265549811487,292.333187412374,355.779631442964
2035,ProgInfecDisease_AI,N_mort,294.944349740742,279.378994775077,341.720370470894
2036,ProgInfecDisease_AI,N_mort,283.079695707979,267.8869817435,329.199109813883
2037,ProgInfecDisease_AI,N_mort,272.880931192085,257.858183986705,318.318352915498
2038,ProgInfecDisease_AI,N_mort,263.824539539149,249.109869895664,308.879216610468
2039,ProgInfecDisease_AI,N_mort,255.688938594293,241.264005666391,300.652147288523
2040,ProgInfecDisease_AI,N_mort,246.820894069004,232.611334572174,291.360843944274
2041,ProgInfecDisease_AI,N_mort,234.807507883559,221.035413650841,278.045279505188
2042,ProgInfecDisease_AI,N_mort,223.327565509315,209.992520879993,265.174407360342
2043,ProgInfecDisease_AI,N_mort,213.452760981276,200.445248105972,254.094510628069
2044,ProgInfecDisease_AI,N_mort,204.957238430603,192.267046982794,244.685952185556
2045,ProgInfecDisease_AI,N_mort,197.593721456791,185.166472415179,236.607961850333
2046,ProgInfecDisease_AI,N_mort,191.118571157783,178.849913971093,229.556830716789
2047,ProgInfecDisease_AI,N_mort,185.40139332102,173.156859772667,223.273052404561
2048,ProgInfecDisease_AI,N_mort,180.246988745821,167.982773141759,217.434931116909
2049,ProgInfecDisease_AI,N_mort,175.532730553012,163.267201729657,212.129662618194
2050,ProgInfecDisease_AI,N_mort,171.219884164148,159.012370979096,207.275158965558
2023,ProgClinDisease_AI,N_mort,438.963103231188,423.364451005756,482.568137629765
2024,ProgClinDisease_AI,N_mort,425.477370228339,409.505995175686,469.984300759277
2025,ProgClinDisease_AI,N_mort,412.820326519938,396.490153867245,458.086539523547
2026,ProgClinDisease_AI,N_mort,400.874291314137,384.498794721053,446.680347145302
2027,ProgClinDisease_AI,N_mort,389.635799683717,373.155298273993,435.920650831364
2028,ProgClinDisease_AI,N_mort,379.12995301404,362.547778876187,425.776555784593
2029,ProgClinDisease_AI,N_mort,368.993343447402,352.591781955861,416.465140869598
2030,ProgClinDisease_AI,N_mort,359.168715903277,342.767739397987,407.184517905848
2031,ProgClinDisease_AI,N_mort,348.360687053335,332.011372275476,396.671825741593
2032,ProgClinDisease_AI,N_mort,336.777162827879,320.464702370449,384.971881752453
2033,ProgClinDisease_AI,N_mort,324.46372417659,308.395495672004,372.501433673594
2034,ProgClinDisease_AI,N_mort,312.198842162175,296.141975024697,359.622049043283
2035,ProgClinDisease_AI,N_mort,300.178077790497,284.470804660557,346.989815084772
2036,ProgClinDisease_AI,N_mort,289.542560019345,274.185501821553,335.752395538217
2037,ProgClinDisease_AI,N_mort,280.161995841006,265.177187244012,326.239971812505
2038,ProgClinDisease_AI,N_mort,271.908078131221,257.036944381012,317.480032673793
2039,ProgClinDisease_AI,N_mort,264.41477983532,249.582058933202,309.450823368344
2040,ProgClinDisease_AI,N_mort,256.064352521874,241.462764531659,300.699438091525
2041,ProgClinDisease_AI,N_mort,245.026734873345,230.751895923807,288.755608084292
2042,ProgClinDisease_AI,N_mort,234.608499137736,220.712875737916,277.087244826559
2043,ProgClinDisease_AI,N_mort,225.590471464883,212.036905304718,266.879147298015
2044,ProgClinDisease_AI,N_mort,217.801281273406,204.547993909996,258.053429405007
2045,ProgClinDisease_AI,N_mort,211.038632601807,198.006342263298,250.371134242419
2046,ProgClinDisease_AI,N_mort,205.079549419017,192.205128299931,243.579206883338
2047,ProgClinDisease_AI,N_mort,199.723125514672,186.988049017503,237.483222132059
2048,ProgClinDisease_AI,N_mort,194.881666421783,182.241351231568,231.953130052075
2049,ProgClinDisease_AI,N_mort,190.350526281592,177.833972557764,226.895393991414
2050,ProgClinDisease_AI,N_mort,186.198212573671,173.692875733496,222.2370605626
2023,baseline,N_pop,1421765.03615296,1421743.36773747,1421772.78079322
2024,baseline,N_pop,1434969.27247662,1434947.12679476,1434977.19292891
2025,baseline,N_pop,1447952.59455921,1447930.0593978,1447960.73771486
2026,baseline,N_pop,1460744.88373478,1460722.05568154,1460753.02902803
2027,baseline,N_pop,1473202.33023431,1473179.25954948,1473210.54128245
2028,baseline,N_pop,1485439.21007691,1485415.98599976,1485447.50558567
2029,baseline,N_pop,1497386.32107075,1497362.69784515,1497394.52108826
2030,baseline,N_pop,1509036.5306158,1509012.62937611,1509044.74487804
2031,baseline,N_pop,1520430.67862778,1520406.5187293,1520438.89065709
2032,baseline,N_pop,1531462.75884959,1531438.45645372,1531471.05454621
2033,baseline,N_pop,1542224.95402081,1542200.27483694,1542233.22589109
2034,baseline,N_pop,1552621.67177635,1552596.78695147,1552629.97834163
2035,baseline,N_pop,1562679.30938465,1562654.29698475,1562687.66001538
2036,baseline,N_pop,1572379.85199327,1572354.79235642,1572388.24888309
2037,baseline,N_pop,1581671.7264623,1581646.56973649,1581680.08311688
2038,baseline,N_pop,1590640.31419849,1590614.86200868,1590648.65015639
2039,baseline,N_pop,1599273.20331585,1599247.44797355,1599281.62578793
2040,baseline,N_pop,1607465.44626672,1607439.3798659,1607473.93096255
2041,baseline,N_pop,1615283.56731113,1615257.11471134,1615292.06804486
2042,baseline,N_pop,1622736.73446016,1622710.03035416,1622745.32213054
2043,baseline,N_pop,1629804.13995492,1629777.19154,1629812.73001891
2044,baseline,N_pop,1636412.42307177,1636385.30155747,1636421.03032428
2045,baseline,N_pop,1642602.24737247,1642574.95867565,1642610.89992173
2046,baseline,N_pop,1648444.67168301,1648417.19597431,1648453.37767845
2047,baseline,N_pop,1653882.14276493,1653854.46457262,1653890.82372231
2048,baseline,N_pop,1658947.31540671,1658919.43237266,1658955.97792372
2049,baseline,N_pop,1663712.47224773,1663684.28290988,1663721.20908703
2050,baseline,N_pop,1668066.60512681,1668038.17761965,1668075.60047702
2023,ProgAnyDisease_AI,N_pop,1421765.03615296,1421743.36773748,1421772.78079323
2024,ProgAnyDisease_AI,N_pop,1434969.27247663,1434947.12679476,1434977.19292891
2025,ProgAnyDisease_AI,N_pop,1447952.59455921,1447930.0593978,1447960.73771487
2026,ProgAnyDisease_AI,N_pop,1460744.88373478,1460722.05568154,1460753.02902804
2027,ProgAnyDisease_AI,N_pop,1473202.33023431,1473179.25954948,1473210.54128246
2028,ProgAnyDisease_AI,N_pop,1485439.21007692,1485415.98599977,1485447.50558568
2029,ProgAnyDisease_AI,N_pop,1497386.32107075,1497362.69784515,1497394.52108826
2030,ProgAnyDisease_AI,N_pop,1509036.6190425,1509012.7102845,1509044.826466
2031,ProgAnyDisease_AI,N_pop,1520432.31066172,1520408.18348596,1520440.45035776
2032,ProgAnyDisease_AI,N_pop,1531469.57257725,1531445.5990472,1531477.61221887
2033,ProgAnyDisease_AI,N_pop,1542242.42230988,1542219.14702476,1542250.05577689
2034,ProgAnyDisease_AI,N_pop,1552656.7741918,1552635.26000657,1552663.56670255
2035,ProgAnyDisease_AI,N_pop,1562740.03268714,1562721.1149119,1562746.21004995
2036,ProgAnyDisease_AI,N_pop,1572473.96918318,1572458.59419278,1572479.0005748
2037,ProgAnyDisease_AI,N_pop,1581805.73105325,1581794.0394306,1581810.61513548
2038,ProgAnyDisease_AI,N_pop,1590819.54898707,1590809.05248933,1590827.25780566
2039,ProgAnyDisease_AI,N_pop,1599503.78061422,1599492.84524011,1599518.6333195
2040,ProgAnyDisease_AI,N_pop,1607751.64629565,1607738.77189851,1607775.58027886
2041,ProgAnyDisease_AI,N_pop,1615633.02593015,1615617.0445094,1615668.86506933
2042,ProgAnyDisease_AI,N_pop,1623158.89269713,1623137.46331987,1623208.7686404
2043,ProgAnyDisease_AI,N_pop,1630306.6848229,1630279.29123222,1630373.08422254
2044,ProgAnyDisease_AI,N_pop,1637002.12768926,1636968.15023775,1637086.68204737
2045,ProgAnyDisease_AI,N_pop,1643285.03738789,1643244.84379269,1643390.40750238
2046,ProgAnyDisease_AI,N_pop,1649225.48807582,1649178.70829021,1649353.01884266
2047,ProgAnyDisease_AI,N_pop,1654765.8043301,1654711.16503533,1654915.90341803
2048,ProgAnyDisease_AI,N_pop,1659937.20603809,1659873.72074112,1660111.42802418
2049,ProgAnyDisease_AI,N_pop,1664811.84479581,1664738.45876721,1665011.29954337
2050,ProgAnyDisease_AI,N_pop,1669276.63474712,1669195.62185487,1669503.61915678
2023,ProgInfecDisease_AI,N_pop,1421765.03615296,1421743.36773748,1421772.78079323
2024,ProgInfecDisease_AI,N_pop,1434969.27247663,1434947.12679476,1434977.19292891
2025,ProgInfecDisease_AI,N_pop,1447952.59455921,1447930.0593978,1447960.73771487
2026,ProgInfecDisease_AI,N_pop,1460744.88373478,1460722.05568154,1460753.02902804
2027,ProgInfecDisease_AI,N_pop,1473202.33023431,1473179.25954948,1473210.54128246
2028,ProgInfecDisease_AI,N_pop,1485439.21007692,1485415.98599977,1485447.50558568
2029,ProgInfecDisease_AI,N_pop,1497386.32107075,1497362.69784515,1497394.52108826
2030,ProgInfecDisease_AI,N_pop,1509036.61968662,1509012.71080425,1509044.82702881
2031,ProgInfecDisease_AI,N_pop,1520432.31155045,1520408.17749339,1520440.44895744
2032,ProgInfecDisease_AI,N_pop,1531469.51241493,1531445.44265505,1531477.50717366
2033,ProgInfecDisease_AI,N_pop,1542241.81037453,1542218.35885754,1542249.46772735
2034,ProgInfecDisease_AI,N_pop,1552654.92135058,1552633.27067465,1552661.81668357
2035,ProgInfecDisease_AI,N_pop,1562735.55152803,1562716.35020157,1562742.06394185
2036,ProgInfecDisease_AI,N_pop,1572465.53462872,1572448.84461803,1572470.96772489
2037,ProgInfecDisease_AI,N_pop,1581791.32962275,1581778.29351897,1581797.05000287
2038,ProgInfecDisease_AI,N_pop,1590797.01972193,1590785.78926488,1590805.88157124
2039,ProgInfecDisease_AI,N_pop,1599471.00145424,1599460.4291521,1599486.15923104
2040,ProgInfecDisease_AI,N_pop,1607707.29109457,1607696.57160454,1607729.24632573
2041,ProgInfecDisease_AI,N_pop,1615575.18833286,1615562.94576835,1615605.72637124
2042,ProgInfecDisease_AI,N_pop,1623085.77697418,1623070.03697038,1623128.61054402
2043,ProgInfecDisease_AI,N_pop,1630217.32826539,1630197.78673496,1630272.4937572
2044,ProgInfecDisease_AI,N_pop,1636895.14026753,1636870.27906431,1636964.33397179
2045,ProgInfecDisease_AI,N_pop,1643158.25236869,1643128.42021056,1643243.17090434
2046,ProgInfecDisease_AI,N_pop,1649077.47212422,1649041.27187419,1649179.98712
2047,ProgInfecDisease_AI,N_pop,1654594.74246064,1654551.32530833,1654715.7269657
2048,ProgInfecDisease_AI,N_pop,1659741.93463502,1659690.94877858,1659882.65088252
2049,ProgInfecDisease_AI,N_pop,1664590.95536242,1664532.55495126,1664753.20279256
2050,ProgInfecDisease_AI,N_pop,1669030.52137364,1668964.44581421,1669215.59303422
2023,ProgClinDisease_AI,N_pop,1421765.03615296,1421743.36773748,1421772.78079323
2024,ProgClinDisease_AI,N_pop,1434969.27247663,1434947.12679476,1434977.19292891
2025,ProgClinDisease_AI,N_pop,1447952.59455921,1447930.0593978,1447960.73771487
2026,ProgClinDisease_AI,N_pop,1460744.88373478,1460722.05568154,1460753.02902804
2027,ProgClinDisease_AI,N_pop,1473202.33023431,1473179.25954948,1473210.54128246
2028,ProgClinDisease_AI,N_pop,1485439.21007692,1485415.98599977,1485447.50558568
2029,ProgClinDisease_AI,N_pop,1497386.32107075,1497362.69784515,1497394.52108826
2030,ProgClinDisease_AI,N_pop,1509036.61300498,1509012.70532136,1509044.82090279
2031,ProgClinDisease_AI,N_pop,1520432.08044322,1520407.96370533,1520440.22497794
2032,ProgClinDisease_AI,N_pop,1531468.35871072,1531444.37859022,1531476.38156724
2033,ProgClinDisease_AI,N_pop,1542238.77121031,1542215.40645353,1542246.42321507
2034,ProgClinDisease_AI,N_pop,1552648.57320385,1552626.8570065,1552655.55050977
2035,ProgClinDisease_AI,N_pop,1562724.58552805,1562705.4216336,1562730.97653956
2036,ProgClinDisease_AI,N_pop,1572448.33138466,1572432.40603836,1572453.9058526
2037,ProgClinDisease_AI,N_pop,1581767.28692887,1581755.03927803,1581772.25593924
2038,ProgClinDisease_AI,N_pop,1590765.24903446,1590756.61436609,1590771.93580667
2039,ProgClinDisease_AI,N_pop,1599429.94639829,1599423.03599938,1599441.59138053
2040,ProgClinDisease_AI,N_pop,1607656.95425281,1607650.15833724,1607674.25841205
2041,ProgClinDisease_AI,N_pop,1615514.85747117,1615506.2128649,1615539.83794185
2042,ProgClinDisease_AI,N_pop,1623014.16730977,1623002.98829599,1623050.1371764
2043,ProgClinDisease_AI,N_pop,1630133.16795713,1630118.46293547,1630180.88221821
2044,ProgClinDisease_AI,N_pop,1636797.47323192,1636778.37352295,1636857.94963589
2045,ProgClinDisease_AI,N_pop,1643046.68360131,1643022.97098896,1643123.15149231
2046,ProgClinDisease_AI,N_pop,1648951.26792252,1648922.708357,1649045.15378502
2047,ProgClinDisease_AI,N_pop,1654453.16518941,1654419.42464617,1654564.80089103
2048,ProgClinDisease_AI,N_pop,1659584.59778671,1659545.43951241,1659714.29066004
2049,ProgClinDisease_AI,N_pop,1664417.46553261,1664372.79468407,1664566.77072048
2050,ProgClinDisease_AI,N_pop,1668840.65976049,1668790.69997197,1669010.38211814
